{
    "loss": [
        null,
        0.017966188490390778,
        0.02000425197184086,
        0.014732081443071365,
        0.01943344622850418,
        0.02672189101576805,
        0.03841698169708252,
        0.043238282203674316,
        0.019276071339845657,
        0.009988486766815186,
        0.02854151651263237,
        0.039472710341215134,
        0.04077750816941261,
        0.0174412801861763,
        0.24228399991989136,
        0.03343186154961586,
        0.8074654936790466,
        0.07044335454702377,
        0.24335786700248718
    ],
    "reward": [
        -0.24400000000000016,
        -0.2170000000000007,
        -0.22600000000000042,
        -0.21699999999999903,
        -0.22059999999999827,
        -0.21999999999999773,
        -0.22857142857142598,
        -0.23049999999999712,
        -0.22733333333333025,
        -0.22299999999999676,
        -0.2199999999999966,
        -0.2212499999999973,
        -0.2021538461538451,
        -0.20064285714285765,
        -0.18386666666666834,
        -0.18875000000000275,
        -0.19429411764706236,
        -0.2275555555555592,
        -0.2274736842105308
    ],
    "goal": [
        false,
        false,
        false,
        false,
        false,
        false,
        false,
        false,
        false,
        false,
        false,
        false,
        false,
        false,
        false,
        false,
        false,
        false,
        false
    ],
    "subgoal": [
        false,
        false,
        false,
        false,
        false,
        false,
        false,
        false,
        true,
        true,
        false,
        false,
        false,
        false,
        false,
        false,
        true,
        false,
        false
    ],
    "epsilon": [
        0.09990004948383435,
        0.09980019886872551,
        0.0997004480548219,
        0.09960079694237163,
        0.09950124543172269,
        0.09940179342332249,
        0.09930244081771801,
        0.09920318751555561,
        0.09910403341758102,
        0.09900497842463928,
        0.09890602243767418,
        0.09880716535772885,
        0.09870840708594515,
        0.09860974752356387,
        0.0985111865719244,
        0.09841272413246488,
        0.09831436010672182,
        0.09821609439633024,
        0.09811792690302346
    ]
}