{
    "loss": [
        null,
        null,
        null,
        null,
        null,
        null,
        null,
        null,
        null,
        null,
        28.418432235717773,
        24.556411743164062,
        31.180089950561523,
        29.240161895751953,
        17.564224243164062,
        24.099380493164062,
        26.638303756713867
    ],
    "reward": [
        -6.187000008821488,
        -4.873000003397465,
        -6.430999999046326,
        -6.824000006914138,
        -7.190999993085861,
        -6.573000002801418,
        -6.731000003814697,
        -6.230000003278255,
        -4.470000003352761,
        -6.5660000014305115,
        -6.448000001832843,
        -6.938000001907349,
        -4.632000002935529,
        -8.157000000476836,
        -7.495999995470047,
        -6.840999993085862,
        -7.951000001430511
    ],
    "goal": [
        false,
        false,
        false,
        false,
        false,
        false,
        false,
        false,
        false,
        false,
        false,
        false,
        false,
        false,
        false,
        false,
        false
    ],
    "subgoal": [
        true,
        false,
        false,
        false,
        true,
        false,
        false,
        false,
        true,
        false,
        true,
        false,
        true,
        false,
        false,
        false,
        false
    ],
    "epsilon": [
        0.49950024741917187,
        0.4990009943436276,
        0.4985022402741096,
        0.49800398471185886,
        0.4975062271586141,
        0.497008967116613,
        0.4965122040885906,
        0.4960159375777788,
        0.49552016708790597,
        0.4950248921231969,
        0.4945301121883713,
        0.49403582678864433,
        0.4935420354297259,
        0.49304873761781953,
        0.4925559328596224,
        0.49206362066232445,
        0.49157180053360927
    ]
}