{
    "loss": [
        null,
        null,
        null,
        null,
        null,
        null,
        null,
        null,
        null,
        null,
        30.18637466430664,
        23.590164184570312
    ],
    "reward": [
        -3.8489999914169313,
        -5.4239999967068435,
        -2.5888888703452215,
        -1.9333333439297147,
        -1.488888892862532,
        -1.7888888915379841,
        -3.677777780426873,
        -2.500000004967054,
        -5.677777780426873,
        -1.2888888782925076,
        -0.5777777830759684,
        -4.066666656070286
    ],
    "goal": [
        false,
        false,
        false,
        false,
        false,
        false,
        false,
        false,
        false,
        false,
        false,
        false
    ],
    "subgoal": [
        false,
        true,
        false,
        false,
        false,
        false,
        false,
        false,
        false,
        false,
        false,
        false
    ],
    "epsilon": [
        0.09990004948383435,
        0.09980019886872551,
        0.0997004480548219,
        0.09960079694237163,
        0.09950124543172269,
        0.09940179342332249,
        0.09930244081771801,
        0.09920318751555561,
        0.09910403341758102,
        0.09900497842463928,
        0.09890602243767418,
        0.09880716535772885
    ]
}